Documento,Indice_Gulpease
Analisi dei requisiti,55.19
<<<<<<< HEAD
=======
<<<<<<< HEAD
<<<<<<< HEAD
<<<<<<< HEAD
Piano di progetto,77.35
Piano di qualifica,63.2
Glossario,57.95
Norme di progetto,51.55
Verbali interni,74.08
Verbali esterni,66.44
>>>>>>> 6d1c8b19c41621a7726f5b42fdf04314aabbfc73
=======
Piano di progetto,78.23
=======
>>>>>>> develop
Piano di progetto,78.42
Piano di qualifica,63.16
Glossario,57.83
Norme di progetto,51.53
<<<<<<< HEAD
<<<<<<< HEAD
<<<<<<< HEAD
=======
Verbali interni,75.18
Verbali esterni,68.18
>>>>>>> b06d986583b4ae148e7197e998d054a6d93db41c
=======
>>>>>>> develop
Verbali interni,75.29
=======
Verbali interni,75.23
<<<<<<< HEAD
=======
Verbali interni,75.27
>>>>>>> c91e58f4ad5806ade1fc5581adb23957973f0961
Verbali esterni,68.79
>>>>>>> 257549aab7f5d459d3b1c49d6c283a46bd49c3a9
=======
>>>>>>> 257549aab7f5d459d3b1c49d6c283a46bd49c3a9
Verbali esterni,68.79
>>>>>>> a8b02a549732c499669c9215fc2bd3fa191220c4
=======
Piano di progetto,79.01
Piano di qualifica,63.16
Glossario,57.83
Norme di progetto,51.53
Verbali interni,75.27
Verbali esterni,69.11
>>>>>>> 0b13422d042504da1fa9eb8eb60cb1b582ce67c6
>>>>>>> develop
